
{"items":[{"name":"ASE_Shreeja_Neupane","href":"ASE_Shreeja_Neupane.html","topicHref":"ASE_Shreeja_Neupane.html","topicUid":"ASE_Shreeja_Neupane","type":"Namespace","items":[{"name":"AppArray","href":"ASE_Shreeja_Neupane.AppArray.html","topicHref":"ASE_Shreeja_Neupane.AppArray.html","topicUid":"ASE_Shreeja_Neupane.AppArray","type":"Class"},{"name":"AppCall","href":"ASE_Shreeja_Neupane.AppCall.html","topicHref":"ASE_Shreeja_Neupane.AppCall.html","topicUid":"ASE_Shreeja_Neupane.AppCall","type":"Class"},{"name":"AppCanvas","href":"ASE_Shreeja_Neupane.AppCanvas.html","topicHref":"ASE_Shreeja_Neupane.AppCanvas.html","topicUid":"ASE_Shreeja_Neupane.AppCanvas","type":"Class"},{"name":"AppCircle","href":"ASE_Shreeja_Neupane.AppCircle.html","topicHref":"ASE_Shreeja_Neupane.AppCircle.html","topicUid":"ASE_Shreeja_Neupane.AppCircle","type":"Class"},{"name":"AppClear","href":"ASE_Shreeja_Neupane.AppClear.html","topicHref":"ASE_Shreeja_Neupane.AppClear.html","topicUid":"ASE_Shreeja_Neupane.AppClear","type":"Class"},{"name":"AppCommandFactory","href":"ASE_Shreeja_Neupane.AppCommandFactory.html","topicHref":"ASE_Shreeja_Neupane.AppCommandFactory.html","topicUid":"ASE_Shreeja_Neupane.AppCommandFactory","type":"Class"},{"name":"AppElse","href":"ASE_Shreeja_Neupane.AppElse.html","topicHref":"ASE_Shreeja_Neupane.AppElse.html","topicUid":"ASE_Shreeja_Neupane.AppElse","type":"Class"},{"name":"AppEnd","href":"ASE_Shreeja_Neupane.AppEnd.html","topicHref":"ASE_Shreeja_Neupane.AppEnd.html","topicUid":"ASE_Shreeja_Neupane.AppEnd","type":"Class"},{"name":"AppFor","href":"ASE_Shreeja_Neupane.AppFor.html","topicHref":"ASE_Shreeja_Neupane.AppFor.html","topicUid":"ASE_Shreeja_Neupane.AppFor","type":"Class"},{"name":"AppIf","href":"ASE_Shreeja_Neupane.AppIf.html","topicHref":"ASE_Shreeja_Neupane.AppIf.html","topicUid":"ASE_Shreeja_Neupane.AppIf","type":"Class"},{"name":"AppInt","href":"ASE_Shreeja_Neupane.AppInt.html","topicHref":"ASE_Shreeja_Neupane.AppInt.html","topicUid":"ASE_Shreeja_Neupane.AppInt","type":"Class"},{"name":"AppMethod","href":"ASE_Shreeja_Neupane.AppMethod.html","topicHref":"ASE_Shreeja_Neupane.AppMethod.html","topicUid":"ASE_Shreeja_Neupane.AppMethod","type":"Class"},{"name":"AppParser","href":"ASE_Shreeja_Neupane.AppParser.html","topicHref":"ASE_Shreeja_Neupane.AppParser.html","topicUid":"ASE_Shreeja_Neupane.AppParser","type":"Class"},{"name":"AppReal","href":"ASE_Shreeja_Neupane.AppReal.html","topicHref":"ASE_Shreeja_Neupane.AppReal.html","topicUid":"ASE_Shreeja_Neupane.AppReal","type":"Class"},{"name":"AppRectangle","href":"ASE_Shreeja_Neupane.AppRectangle.html","topicHref":"ASE_Shreeja_Neupane.AppRectangle.html","topicUid":"ASE_Shreeja_Neupane.AppRectangle","type":"Class"},{"name":"AppReset","href":"ASE_Shreeja_Neupane.AppReset.html","topicHref":"ASE_Shreeja_Neupane.AppReset.html","topicUid":"ASE_Shreeja_Neupane.AppReset","type":"Class"},{"name":"AppStoredProgram","href":"ASE_Shreeja_Neupane.AppStoredProgram.html","topicHref":"ASE_Shreeja_Neupane.AppStoredProgram.html","topicUid":"ASE_Shreeja_Neupane.AppStoredProgram","type":"Class"},{"name":"AppTriangle","href":"ASE_Shreeja_Neupane.AppTriangle.html","topicHref":"ASE_Shreeja_Neupane.AppTriangle.html","topicUid":"ASE_Shreeja_Neupane.AppTriangle","type":"Class"},{"name":"AppWhile","href":"ASE_Shreeja_Neupane.AppWhile.html","topicHref":"ASE_Shreeja_Neupane.AppWhile.html","topicUid":"ASE_Shreeja_Neupane.AppWhile","type":"Class"},{"name":"AppWrite","href":"ASE_Shreeja_Neupane.AppWrite.html","topicHref":"ASE_Shreeja_Neupane.AppWrite.html","topicUid":"ASE_Shreeja_Neupane.AppWrite","type":"Class"},{"name":"FileManager","href":"ASE_Shreeja_Neupane.FileManager.html","topicHref":"ASE_Shreeja_Neupane.FileManager.html","topicUid":"ASE_Shreeja_Neupane.FileManager","type":"Class"},{"name":"Form1","href":"ASE_Shreeja_Neupane.Form1.html","topicHref":"ASE_Shreeja_Neupane.Form1.html","topicUid":"ASE_Shreeja_Neupane.Form1","type":"Class"}]},{"name":"ASE_Shreeja_Test","href":"ASE_Shreeja_Test.html","topicHref":"ASE_Shreeja_Test.html","topicUid":"ASE_Shreeja_Test","type":"Namespace","items":[{"name":"UnitTest1","href":"ASE_Shreeja_Test.UnitTest1.html","topicHref":"ASE_Shreeja_Test.UnitTest1.html","topicUid":"ASE_Shreeja_Test.UnitTest1","type":"Class"},{"name":"UnitTest2","href":"ASE_Shreeja_Test.UnitTest2.html","topicHref":"ASE_Shreeja_Test.UnitTest2.html","topicUid":"ASE_Shreeja_Test.UnitTest2","type":"Class"}]}],"memberLayout":"SamePage","pdf":false}
